<?xml version="1.0" ?>
<LOG_ROOT>
	<PROJECT NAME="lab5">
		<CBX_INST_ENTRY INSTANCE_NAME="|g28_mastermind_game|g28_mastermind_datapath:MMData|g28_mastermind_score:MMSCORE|g28_color_matches:COLO|lpm_add_sub:subCandN" CBX_FILE_NAME="add_sub_l2f.tdf"/>
		<CBX_INST_ENTRY INSTANCE_NAME="|g28_mastermind_game|g28_mastermind_datapath:MMData|g28_mastermind_score:MMSCORE|g28_color_matches:COLO|lpm_decode:decoderG3" CBX_FILE_NAME="decode_s6f.tdf"/>
		<CBX_INST_ENTRY INSTANCE_NAME="|g28_mastermind_game|g28_mastermind_datapath:MMData|g28_mastermind_score:MMSCORE|g28_color_matches:COLO|lpm_decode:decoderP2" CBX_FILE_NAME="decode_s6f.tdf"/>
		<CBX_INST_ENTRY INSTANCE_NAME="|g28_mastermind_game|g28_mastermind_datapath:MMData|g28_mastermind_score:MMSCORE|g28_color_matches:COLO|lpm_add_sub:add1and2" CBX_FILE_NAME="add_sub_k1f.tdf"/>
		<CBX_INST_ENTRY INSTANCE_NAME="|g28_mastermind_game|g28_mastermind_datapath:MMData|g28_mastermind_score:MMSCORE|g28_color_matches:COLO|lpm_add_sub:add3and4" CBX_FILE_NAME="add_sub_k1f.tdf"/>
		<CBX_INST_ENTRY INSTANCE_NAME="|g28_mastermind_game|g28_mastermind_datapath:MMData|g28_mastermind_score:MMSCORE|g28_color_matches:COLO|lpm_decode:decoderG4" CBX_FILE_NAME="decode_s6f.tdf"/>
		<CBX_INST_ENTRY INSTANCE_NAME="|g28_mastermind_game|g28_mastermind_datapath:MMData|g28_mastermind_score:MMSCORE|g28_color_matches:COLO|lpm_decode:decoderP3" CBX_FILE_NAME="decode_s6f.tdf"/>
		<CBX_INST_ENTRY INSTANCE_NAME="|g28_mastermind_game|g28_mastermind_datapath:MMData|g28_mastermind_score:MMSCORE|g28_color_matches:COLO|lpm_decode:decoderG1" CBX_FILE_NAME="decode_s6f.tdf"/>
		<CBX_INST_ENTRY INSTANCE_NAME="|g28_mastermind_game|g28_mastermind_datapath:MMData|g28_mastermind_score:MMSCORE|g28_color_matches:COLO|lpm_decode:decoderP4" CBX_FILE_NAME="decode_s6f.tdf"/>
		<CBX_INST_ENTRY INSTANCE_NAME="|g28_mastermind_game|g28_mastermind_datapath:MMData|g28_mastermind_score:MMSCORE|g28_color_matches:COLO|lpm_add_sub:add0and1" CBX_FILE_NAME="add_sub_k1f.tdf"/>
		<CBX_INST_ENTRY INSTANCE_NAME="|g28_mastermind_game|g28_mastermind_datapath:MMData|g28_mastermind_score:MMSCORE|g28_color_matches:COLO|lpm_add_sub:add2and3" CBX_FILE_NAME="add_sub_k1f.tdf"/>
		<CBX_INST_ENTRY INSTANCE_NAME="|g28_mastermind_game|g28_mastermind_datapath:MMData|g28_mastermind_score:MMSCORE|g28_color_matches:COLO|lpm_add_sub:add4and5" CBX_FILE_NAME="add_sub_k1f.tdf"/>
		<CBX_INST_ENTRY INSTANCE_NAME="|g28_mastermind_game|g28_mastermind_datapath:MMData|g28_mastermind_score:MMSCORE|g28_color_matches:COLO|lpm_decode:decoderG2" CBX_FILE_NAME="decode_s6f.tdf"/>
		<CBX_INST_ENTRY INSTANCE_NAME="|g28_mastermind_game|g28_mastermind_datapath:MMData|g28_mastermind_score:MMSCORE|g28_color_matches:COLO|lpm_decode:decoderP1" CBX_FILE_NAME="decode_s6f.tdf"/>
		<CBX_INST_ENTRY INSTANCE_NAME="|g28_mastermind_game|g28_possibility_table:PTable|altsyncram:REG_rtl_0" CBX_FILE_NAME="altsyncram_cug1.tdf"/>
	</PROJECT>
</LOG_ROOT>
